text,true_label,svm_pred,nb_pred
misleading viral video trump signing military orders unrelated nigeria,0,0,0
hoton da aka yada shafin x cewa kama mambobin ipob ko esn yi shi ne tun 2021,0,0,0
ennyonyi yeggye lya updf egudde mu somalia abantu 5 bafudde,1,1,1
abesimbyewo ku bwa president bwa uganda mu kalulu ka 2026 bakkiriziganyizza ku nteekateeka gyebalina okugoberera nga bakuba kakuyege wabwe,1,1,1
drbesigye azeemu okuzira emmere mu kkomera mukyala winnie byanyima agenze mu kooti eragire government emuyimbule,1,1,1
mcc drop 16 countries benefiting 2026 compact,0,0,0
kimenya mateeka okuwozesa abantu ba bulijjo mu kooti yamagye supreme court ya uganda eramudde,1,1,1
fake centenary banks head office kampala catch fire bank confirmed allegations fake,0,0,0
ababaka ba parliament 7 besozze nup nga wabulayo mbale okutuuka ku kalulu ka 2026,1,1,1
president museveni asonyiye ababadde bavunaanibwa ogwokubulankanya ensimbi ezaali ezokugulira ba ssentebe bebyalo eggaali,1,1,1
fake photo depict uda political rally mbeere north image taken mayuge district uganda,0,0,0
okukuza olunaku lwabakadde nga 01 october mu uganda bangi baasuulibwawo aboluganda lwabwe,1,1,1
facebook users take fake posts nigerias division dubawas factcheck,0,0,0
ugandas government invest new water supply systems improve access clean water,1,1,1
kaliddinaali robert francis prevost alondeddwa nga paapa leo xiv,1,1,1
abantu abatanamanyika muwendo bafiiridde mu muliro oguvudde ku mmotoka yamafuta e matugga,1,1,1
ebiti byabantu ebyenjawulo byongedde okuwaayo ensimbi okuyooyoota lutikko ye lubaga nabenzikiriza endala badduukiridde omulimu,1,1,1
education foundation unity progress mubaje tells muslims,1,1,0
bishop gaster nsereko atuuziddwa ngomulabirizi wa west buganda owomusanvu,1,1,1
omujaasi wa updf akubye mukyalawe amasasi agamuttiddewo,1,1,1
image apprehended terrorist linked taraba benue,0,0,0
cooking alcohol healthy,0,1,1
fake renovation siaka stevens stadium completed,0,0,0
recycled recent nigerian army photo controversy explained,0,0,0
captain denis olaa agattiddwa ku misango gyemmundu egivunaanibwa drbesigye ne obed kamulegeya,1,1,1
museveni hails tycoon nzeyis contribution ugandas economic transformation,1,1,1
bukomansimbi road crash leaves two dead three injured,1,0,0
x users video showing apprehended suicide bomber dates back 2020,0,0,0
guine des chiffres sur la rpartition ethnique en 2025 circulent sur facebook sans aucune base officielle,0,0,0
government kyaddaaki esazizaamu ebyapa byonna ebyekimpatiira ebyali byawebwa abantu ku ttaka lye kaazi liziddwayo bwakabaka bwa buganda,1,1,1
lgislatives 2025 ivoiriennes des propos du prsident de la commission lectorale indpendante modifis,0,0,0
fake video teso elders crying speaker anita among video individuals mourning death kenyas former prime minister raila odinga,0,0,0
bad bunny makes history trump criticises terrible super bowl show,1,0,0
yadda shafin facebook bayanan da ba daidai ba da gazawar dokoki ke jefa matan najeriya cikin sarkakiya sun je daukar ciki wa wadanda ba su iya dauka da kansu dan samun kudi,0,0,0
owemyaka 3 afiiridde mu muliro ogukutte ennyumba e kibiri busaabala,1,1,1
akabenje kagudde e namboole taxi etomereganye ne mmotoka ya buyonjo nekwata omuliro,1,1,1
abantu 2 bafiiriddewo mbulaga abalala baddusiddwa mu malwaliro emmotoka zitomereganye bwenyi ku bwenyi e bukomansimbi,1,1,1
hoax website promising free data celebrate whatsapps anniversary scam scam misleads users believing gifted 100gb free data whatsapps 16th anniversary,0,0,0
non aucun magistrat na retir des commissions rgionales lectorales bissauguinennes,0,0,0
fake campaign poster claiming businessman ham kiggundu vying kampala lord mayor fabricated nrm flagbearer position moses nsubuga,0,0,0
president museveni alonze omulamuzi aisha batala naluzze okufuuka kaliisoliiso wa government omuggya betty kamya tamwongedde kisanja,1,1,1
abantu 4 bafiiridde mu kabenje akagudde e kyazanga lukululana ebasaabadde,1,1,1
report groups posts promoting commercial surrogacy meta platforms,0,0,0
prof george wilson kanyeihamba aziikiddwa mu maka ge e buziga bamukubidde emiziinga 6,1,1,1
ugandas government invest new technology infrastructure support innovation research,1,1,1
roundup banditry claims topped dubawas verification last week,0,0,0
waziri wa afya atangaza kampeni ya chanjo ya sura ya matumbo kuanzia mwezi ujao,1,1,1
parliament esunsudde ssaabalamuzi omuggya flavian zeija,1,1,1
engdaniel ssebuggwawo bba wa minister owekjoyce ssebuggwawo aziikiddwa e nkumba ku lunaku lwennyini lweyazaalibwako,1,1,1
ronaldo hits 961st goal al nassrs 30 rout al kholood,1,0,0
bbaasi ebaddemu abasaabaze ewambiddwa abayeekera nebajiteekera omuliro ebadde eva south sudan ngeyingira uganda,1,1,1
government etangaazizza ku bya muzungu boda eyatikkiddwa ku nnyonyi nazzibwayo ewabwe,1,1,1
lections lgislatives en cte divoire un processus juridique et institutionnel en plusieurs tapes,0,0,0
ugandas government launch new programs promote cultural heritage tourism,1,1,1
ugandan opposition leader bobi wine didnt call international sanctions uganda,0,0,0
ssaabalabirizi kazimba mugalu alabudde government ya uganda ku bannauganda abagenze ku kyeyo,1,1,1
faux le page dattingu en cte divoire na pas incendi par des manifestants,0,0,0
emisinde gyamazaalibwa ga kabaka age 71 gitongozeddwa gyakubaawo nga 12 april2026,1,1,1
fake petroleum price increased boakais administration,0,0,0
makerere reinstates staff exposed bribery scandal,1,1,1
police ekyatubidde nobukadde bwa shs 50 ezaatekebwawo ku mawulire agakwata ku kuttibwa kwabafumbo ba mutaaga entebbe,1,1,1
frank nyakaana rusa alondeddwa nga ssenkulu wa kcca owekiseera,1,1,1
guine le prsident de transition mamadi doumbouya apprendraitil lire,0,0,0
msinformation relative aux rsultats de la prsidentielle ivoirienne 2025,0,0,0
amasasi nomukka ogubalagala bimyoose mu kuddamu okulonda kwabakulembeze ba nrm e iganga,1,1,1
court martial resumes sittings updf act overhaul,1,1,1
video gumi urging fg include bandits8217 welfare nigerias budget aigenerated,0,0,0
orbatheh travel usa viral photo manipulated,0,0,0
nigerias lower unemployment rate reflect government economic reforms,0,0,0
fake beetroot juice kill cancer cells 42 days,0,0,0
une image utilise pour faire croire limplication dun juge dans la campagne lectorale,0,0,0
parliament etandise okwekenneenya ennoongosereza mu mateeka agagenderera okugatta ebitongole bya government ebisiinga obungi bikwata ku bulimi na bulunzi,1,1,1
omubaka ssekikubo asimattuse amasasi e ssembabule omuwagizi attiddwa,1,1,1
uneb human resources director sabastian ngobi dies suddenly,1,1,1
fake viral video nuimi hakalang road gambia,0,0,0
une ancienne vido du ministre ivoirien de lenseignement suprieur manipule pour accrditer un financement de gros bras,0,0,0
ugandas health ministry discussing announcement third covid19 death facebook post fake,0,0,0
labarin kama fasto yana safarar makamai ga yan taadda jos tsohon labari ne,0,0,0
omuliro gusaanyizzaawo ekisulo kyabayizi e katabi,1,1,1
facebook video depict chaos zamfara,0,0,0
ugandas government implement new policies support smallholder farmers,1,1,1
controversy auditor general appointment trade minister matters arising,0,1,1
shin da gaske china ta gargadi mutanenta da su dena gineginen kamfanoni legas,0,0,0
images osimhen proposing regina aigenerated,0,0,0
fake trump ask elon musk leave united states,0,0,0
alwanye negwabadde ateebereza okuganza mukaziwe namutta police e mubende emunoonya,1,1,1
uganda host 2025 africa cup nations,1,1,1
ugandas central bank maintains interest rates support economic growth,1,1,1
ugandan police didnt tweet citizens must report anyone wearing masks,0,0,0
bishop samuel balagadde ssekadde kitalo 1944 2024,1,1,1
uganda police force recruiting polling constables 2026 election,0,1,0
abayizi bannauganda abasomera e iran bakomezeddwawo ku butaka ebikompola ebiva e israel ne america bikyesooza,1,1,1
uganda launches national climate resilience strategy safeguard vulnerable communities,1,1,1
fake icc issued arrest warrant president museveni son muhoozi icc told pesacheck email arrest warrants issued,0,0,0
dismisses trumps autism claims says backed science,0,0,0
abebyokwerinda bayiiriddwa okwetoloola kawempe north waliwo bannamawulire abakubiddwa,1,1,1
dp eyongezaayo okuwandiisa abagala okuvuganya ku bifo byobukulembeze abantu 207 bebaakewandiisa,1,1,1
shin da gaske ne wai ilimin boko kyauta ne makarantu mallakar gwamnati najeriya,0,0,0
five key takeaways dubawas report surrogacy nigeria,0,0,0
omumyuka womubaka wa president e budaka afiiridde mu kabenje e mayuge,1,1,1
non georges weah ne sest pas exprim contre un quatrime mandat dalassane ouattara,0,0,0
guine une image gnre par intelligence artificielle prsente comme un bourrage durnes par des militaires le jour du vote,0,0,0
government fail take action owo church massacre,0,1,1
eyaliko supreme mufti sheik suliman ndirangwa afudde,1,1,1
police etandise okunoonyereza ku ngeri abaagalana 2 bwebaagudde mu nnyanja nebafiiramu entebbe,1,1,1
cnn report pressure ugandan president museveni change name,0,0,0
misleading liberia anticorruption commission receive 1 million budgetary increment first time,0,0,0
fake incredible jj didn8217t meet davido viral photos doctored,0,0,0
police e mayuge ekutte abantu 6 abateeberezebwa okutta munnabwe olwenkaayana ezaavudde mu kulonda kwa nrm ku byalo,1,1,1
misleading mcc 2026 scorecard sierra leone worst ever,0,0,0
fake post nrm cec elections attributed rebecca kadaga parody account claim posted parody account impersonating former speaker parliament since deleted,0,0,0
third climate change awareness marathon launched parliament,1,1,1
omukozi wa radio akwatiddwa nemmundu enjingirire,1,1,1
bissau lassassinat de nino vieira et de tagme na wai ressurgit et nourrit des propos hostiles,0,0,0
ugandas government enhance cybersecurity measures protect citizens online,1,1,1
viral news article president bio endorsing fortuix agency hoax,0,0,0
parliament esunsudde abakulira judicial service commission abaggya,1,1,1
des avions de guerre sontils utiliss pour scuriser le scrutin rfrendaire en guine,0,0,0
ayaj jjr gbogbo oun ti ni lati nipa aisan yii,0,0,0
police efulumizza enteekateeka yokukuuma emirembe okwetegekera olunaku lwabajulizi e namugongo,1,1,1
government ya uganda ekoze ennoongosereza mu tteeka erifuga kooti yamagye yakuddamu okuwozesa abantu ba bulijjo,1,1,1
apps pimps algorithms technology advancing nigerias digital sex trade,0,0,1
oweknelson kawalya eyali omukubiriza wolukiiko lwa buganda afudde,1,1,1
shin da gaske ne putin yace najeriya ta yi watsi da taimakon da rasha ta ba wa kasar 1980,0,0,0
katikkiro awabudde government okuwandiika obupande bwokunguudo mu nnimi ennansi kyakuyambako okulwanyisa obubenje,1,1,1
abakyala abagenda okuweereza ku mpewo za cbs ku lunaku lwabakyala 2025,1,1,1
ugandas opposition unites demand electoral reforms ahead 2026 elections,1,0,0
cou establish industrial park produce affordable scholastic materials,1,1,0
ameefuga ga uganda age 62 okuddamu okwekenneenya nokunyweza ebiruubirirwa byaffe,1,1,1
misleading anambra lga ifeanyi chinweze disrupt election,0,0,0
claim 16000 people cancelled fifa world cup 26 tickets trump fake,0,0,0
international mens day celebrating men boys,0,1,0
uganda law society etaddewo ekibinja kya bannamateeka okwekenneenya emisango egivunaanibwa drkiiza besigye mu kooti yamagye,1,1,1
fake news rseaux sociaux et lections la guine face au dsordre informationnel,0,0,0
fake video doesnt show floating bags downtown kampala video aigenerated,0,0,0
ebola liberia,0,0,0
dubawa daidac launch project combat disinformation boost peacebuilding northern nigeria,0,0,0
le procureur de la rpublique de cte divoire vis par une dsinformation,0,0,0
abatuuze bazudde number plate za pikipiki eziwera ewasuuliddwa omulambo mu ndeeba,1,1,1
freennamdikanunow x video protesters kenya nigeria,0,0,0
okusaala eid elfitr 2025 omulangira nakibinge asabye abebyokwerinda beddeko ku kyokutulugunya bannansi,1,1,1
kooti eyisizza ekirago kyokuddamu okubala obululu bwekifo kyomubaka wa kalungu west joseph ssewungu gonzaga yeyabadde alaangiriddwa ku buwanguzi,1,1,1
trump write norway dissatisfaction nobel peace prize award snub,0,1,0
nup spokesperson waiswa mufumbiro released bail,0,1,0
scientific evidence onion juice cures conjunctivitis,0,0,0
president museveni atadde omukono ku mabago gamateeka 9 eryemmwanyi eriggyawo ucda likyajulidde,1,1,1
ugandas finance ministry giving free grants entrepreneurs farmers,0,1,0
nigeria know muslim christian population,0,0,0
prsidentielle du 25 octobre 2025 en cte divoire les grandes tapes du processus,0,0,0
non le budget de la primature du sngal na pas baiss de 213 millions d8217euros en 2025,0,0,0
la reconnaissance des langues nationales comme langues officielles ne rduit pas lanalphabtisme en guine,0,0,0
fake viral photo osimhen proposing regina daniels aigenerated,0,0,0
donald trump veut acheter le sngal,0,0,0
partly fake natasha museveni bank uganda governor position held michael atingiego natasha,0,0,0
fake daily monitor publish story ugandan activist sarah bireete publication disowned alleged article,0,0,0
government approved free electricity ugandans starting next month,0,1,0
akakiiko kebyokulonda katandise enteekateeka yokusiiga ekifaanyi kyakakonge kokulonda president 2026 bwekanaalabika,1,1,1
abazigu balumbye ebitebe bya police mu bitundu bye rwenzori waliwo abattiddwa,1,1,1
fausse information sur un suppos incendie dune rsidence du chef dtatmajor de larme de terre ivoirienne,0,0,0
police etandise okunoonyereza ku kigambibwa okuba bbomu ekubye amaka gomutuuze e kirinnya bweyogerere abantu 6 bafiiriddemu,1,1,1
nakayima asse 4 e mubende abalala 8 bapooca,1,1,1
profgrace lubaale alondeddwa ngomulabirizi omuggya owobulabirizi bwa busoga,1,1,1
ugandas agricultural exports increase significantly last fiscal year,1,1,1
kooti eragidde eyali minister agnes nandutu yennyonyoleko ku byokwekomya amabaati gabantu br kalamoja,1,1,1
museveni praises security forces unveils major infrastructure economic plans tarehe sita celebrations,1,1,1
une vido gnre par lintelligence artificielle tente de faire croire un coup dtat en cte divoire,0,0,0
amasannyalaze gakubye 5 e kansanga omu afiiriddewo,1,1,1
unhcr ekitongole ekikola ku nsonga zabanoonyi bobubudamu kisazeewo okusala ku bakozi bakyo mu uganda ensimbi ezibasasula tezirabika,1,1,1
abantu 2 bafiiridde mu muliro ogukutte ennyumba e kikaaya kawempe,1,1,1
motorists uganda tanzania crossing kenya cheaper fuel ignore fake graphic,0,0,0
research shows 1 8 students get adequate sleep,1,0,0
okukebera endagabutonde ku bantu abafiiriddwako abaabwe mu muliro ogwavudde ku mafuta e kigoogwa kuwedde,1,1,1
ugandas stateowned electricity distributor hiring,0,1,1
fake notice ministry agriculture promising grants fake maaif minister frank tumwebaze dismissed notice fake urged public ignore,0,0,0
nigerian lady fined collecting fare without showing laws position,0,0,0
omubaka wa butambala muwanga kivumbi akwatiddwa byekuusa ku busambattuko obwafiiramu abantu mu kulonda kwe butambala,1,1,1
faranah non quatre bureaux de vote nont pas ferms faute de matriel lectoral,0,0,0
clickbait headline suggests fifa banned south africa countries 2026 world cup,0,0,0
vat bank charges need know,0,0,0
abapolice 5 basuumusiddwa amaddaala okumyuka ssaabapolice wa uganda,1,1,1
video criminals breaking shop liberia,0,0,0
lgislatives marcory un candidat affirme que des citoyens utilisent des cartes dlecteurs appartenant dautres,0,0,0
second quarter inflation figure liberia stands 111 137,0,0,0
ettaka libumbulukuse mu district ye bulambuli neriziika amayumba 15 baziikuddwayo nga bafudde,1,1,1
akakiiko keddembe lyobuntu mu wakiso kalabudde ku mmere ekolebwa nga teriimu biriisa kawagidde ebbago lyetteeka lyemmere erireetebwa,1,1,1
old video police slapping arrestee recirculated social media,0,0,0
front page ugandan daily new vision calling president yoweri museveni worst dictator fake,0,0,0
court upholds mulirires disqualification budiope east mp race,1,1,1
abasirikale ba updf 13 bakwatiddwa mu bulumbaganyi obukoleddwa ku police ye wakiso,1,1,1
ebibiina byobufuzi bisisinkanye okusalawo ku biseera bya ipod ebijja,1,1,1
big interview resilience persistence propelled defeat basalirwa bugiri municipality race nrms oketcho,1,1,1
stanbic appoints joshua oigara ceo mweheire retires,1,0,0
abantu abasoba mu mitwalo 20000 bebalindiridde okuwanikibwa ku kalabba,1,1,1
government eyongedde okumyumyula etteeka erikwata kukubowa endagamuntu osobola okusibwa emyaka 3,1,1,1
video us president trump commenting electoral violence uganda doctored original video trumps speech campaign wisconsin 2016,0,0,0
drkiiza besigye asimbiddwa mu kooti yamagye agguddwako emisango 4 ne munne nebasindikibwa ku alimanda mu kkomera e luzira,1,1,1
omumyuka wa president majjesca alupo takyalina amuvuganya ku kifo kyomubaka wa parliament omukyala owa district ye katakwi,1,1,1
ekanisa ya stjohns kiwaatule ekutuddwa ku busumba bwe kira,1,1,1
omulamuzi dr flavian nzeija alayiziddwa ngomumyuka wa ssaabalamuzi wa uganda,1,1,1
viral video claiming bandits8217 invasion nigeria fake,0,0,0
une photo dun proche de laurent gbagbo manipule,0,0,0
top five tiktok claims factchecked 2025,0,0,0
applying castor oil sanitary pads cure fibroids,0,0,0
mwetondere bemusobezza mu nnaku zino eza ssekukkulu esembedde ssaabasumba augustine kasujja,1,1,1
viral tiktok videos promising users money aigenerated,0,0,0
katikkiro charles peter mayiga leero abakristo nabasiraamu batandise ekisiibo,1,1,1
abantu 5 bafiiridde mu kabenje akagudde e kagoma ku luguudo oluva e kawempe okudda e bombo 21,1,1,1
fake eps director sam gaye dismissed,0,0,0
cop30 highlights growing need countries resilience storms flood fires,1,0,0
affirmation sur des bulletins vierges yopougon aucune preuve existante la cei dment,0,0,0
government etongozza enguudo 2 ezitandise okukolebwa mu district ye wakiso,1,1,1
muwanga kivumbi omubaka butambala agguddwako omusango gwa butujju,1,1,1
breaking cid summons former kcca bosses kisaka luyimbazi,1,1,1
buikwe residents renew call museveni honour 1993 school pledge,1,1,1
abantu 2 bakubiddwa amasasi e kiwaatule,1,1,1
muntu promises tackle corruption restore trust politics,1,1,1
abantu 46 bafiiridde mu kabenje akagudde ku luguudo oluva e kampala okudda e gulu,1,1,1
dubawa wraps 2025 kwame karikari fellowship award ceremony,0,1,0
true soludo removes arabic texts naira notes cbn governor,0,0,0
claim ratio one doctor 5000 misleading,0,0,0
plusieurs vidos sorties de leurs contextes pour faire croire des manifestations lors de la prsidentielle en guine,0,0,0
nrms oketcho wins bugiri municipality byelection defeating basalirwa,1,1,1
fake news sur la tenue de llection prsidentielle en cte divoire,0,0,0
fake speaker anita among critical condition following accident speaker publicly campaigning continues performing official duties,0,0,0
fake ugandan opposition leader bobi wine fled us evidence support claim bobi wine made public statements indicating left uganda,0,0,0
president museveni atongozza enteekateeka yokutandika okuzimba bunyoro university yakusomesa masomo ga science ne technology,1,1,1
bnin le recrutement de 89 686 agents lectoraux par la cena faitil chuter le taux de chmage 0,0,0,0
sahara reporters claim wike boycotted council state meeting fake,0,0,0
guinebissau une infographie non fiable annonce la victoire dumaro sissoco embal,0,0,0
front page claiming 203 killed ugandan riots fake says newspaper new vision,0,0,0
raila omoro odinga afiiridde ku myaka 80 government ya kenya erangiridde wiiki namba eyokumukungubagira,1,1,1
mathias mpuuga atongozza ekibiina ekiggya ki democratic front akabonero muti,1,1,1
police suspect ucu deans murder former househelp,1,1,0
nixon agasirwe asindikiddwa ku alimanda ku misango gyokutemula eyali omuwaabi wemisango gya government omugenzi joan kagezi,1,1,1
ssenkulu wa kcca omuggya frank nyakaana alambise byatandikirako okukola essira alitadde ku kukulwanyisa nguzi,1,1,1
would adding lemon sugar sanitary pads prevent infection,0,0,0
sperm quality affects fertility miscarriage risk womens appearance pregnancy,0,1,1
image ugandan soldiers slaughtering locusts,0,0,0
akakiiko kebyokulonda katuusizza obuuma obulala emitwalo 49000 obugenda okukozesebwa mu kulonda kwa 2026 ssentebe waako simon byabakama asuubizza bannauganda akalulu akamazima nobwenkanya,1,1,1
president museveni yekokkodde ekibba ttaka mu ggwanga government ereeta etteeka eppya ku ttaka,1,1,1
kampala clean without killing livelihoods,1,0,0
onesmas twinamasiko avuganya ku kyomubaka wa parliament agambibwa okukuba ekikonde ssaabaminister robinah nabbanja asiindikiddwa ku alimanda,1,1,1
missing context video show eddie mutwe bobi wines bodyguard released prison 2025 claim video eddie mutwe released prison 2021,0,0,0
la rsidence de lambassadrice du liban en cte divoire na pas incendie,0,0,0
uganda loses 14bn annually illegal activities fish sector,1,1,1
paapa francis wakuziikibwa nga 26 april2025 okukungubaga okutongole kwakumala ennaku 9,1,1,1
bidiyon fulani na wasa da wani makamin da amurka ta harbo jihar sokoto ne,0,0,0
lagdo dam users delete facebook posts dubawa8217s factcheck,0,0,0
altered video uk prime minister keir starmer announcing jobs free immigration programme doctored video edited using ai,0,0,0
x users video tinubu dismissing trumps threat aigenerated,0,0,0
omumyuka womulabirizi wobulabirizi bwa kampala atuuziddwa nokutongoza lutikko empya president museveni awaddeyo obukadde bwa shs 100,1,1,1
geraldine namirembe bitamazire eyaliko minister webyenjigiriza aziikibwa nga 21 january2026,1,1,1
kyaddaaki government ekkirizza okuwaayo ensimbi eri law development centre okuwandiisa abayizi 1463 abaali baafikkira,1,1,1
okulonda abakulembeze ba nrm ku byalo kukomekkerezeddwa okwetoloola uganda vice president jesca alupo yoomu ku balondeddwa,1,1,1
man named south africas police corruption probe found dead,1,1,1
mathias mpuuga atongozza ekisinde kyobufuzi ekiggya ki democratic alliance,1,1,1
fake former speaker kadaga chased nrm nec meeting review full coverage meeting shows evidence incident,0,0,0
140 beneficiaries graduate ubls learning life program,1,1,1
claim new fifa offside rule fake,0,0,0
abazigu basse omukuumi webbaala nebanyagulula ne supermarket e kijabijo,1,1,1
sheikh gumi warn us israel dividing nigeria,0,0,0
abantu 6 bateeberezebwa okuba nga bafiiridde mu kabenje akagudde e kakira,1,1,1
fake uganda banned tiktok ugandan government social media users dismissed claim fake,0,0,0
akakiiko kebyokulonda ketaaga ennyongereza ya shs obuwumbi 502 okuggusa okulonda kwa 2026,1,1,1
coffee doesnt kill adrenal glands damage brain,0,0,0
french foreign affairs minister deny governments awareness president boakais visit,0,1,0
five reasons africa central us america first global health strategy,0,0,0
prsidentielle 2025 une image prise au togo utilise pour indiquer un incendie dans des localits ivoiriennes,0,0,0
da gaske ne yana da amfani jinkirta yanke cibiya,0,0,0
claim finland released jailed ipob leader simon ekpa fake,0,0,0
roundup kanus honorary citizenship ishowspeed tour top claims factchecked week,0,0,0
un communiqu attribu la prsidence du faso accorde le statut de rfugi politique au colonel pascal tigri du bnin,0,0,0
government eyimirizza ebidduka byonna ebibadde biyita ku lutindo lwe karuma okuva nga 23 september2024,1,1,1
gwamnan kano ya yi kuskure wajen bayyana sakamakon shekarar ta 2025 na jiharsa jarrabawar ssce na cikin gida wadda hukumar neco ke shiryawa kowace shekara,0,0,0
police sets tough safety rules schools reopen,1,1,1
president museveni aleese ensonga 6 zaagenda okutaambulizizaako ekisanja ekiddako ngalondeddwa mu 2026,1,1,1
fake kmc constructed markets roads educational facilities 8 years,0,0,0
bannauganda bonna abali ebweru weggwanga bakuwandiisibwa ku bitebe bya uganda mu mawanga gyebabeera ambassador abbey walusimbi,1,1,1
anambra202 voters curb misinformation polling units,0,0,0
police ekutte abantu 4 abagambibwa okubba pikipiki ku police ye kasangati babasanze nendala enzibe,1,1,1
nigerian laws allow honorary doctorate recipients formally use dr prefix,0,0,0
abakuumi banywedde omwenge gwebabadde bakuuma nebasuula emmundu e kyotera police ebakutte,1,1,1
ssaabasumba paul ssemogerere atongozza ebijaguzo ebyemyaka 100 egya eklezia lutikko eye lubaga,1,1,1
batwa run 2026 promote skills development inclusion kisoro,1,1,1
kwankwaso say would agree peter obis running mate,0,0,0
gino sharing airtime data celebrate guiness world record,0,0,0
guine aucune preuve dun dploiement des forces spciales pour scuriser laprsscrutin prsidentiel,0,0,0
abantu 4 bateeberezebwa okuba nga bafiiridde mu kabenjr akagudde e maya taxi eyabise omupiira,1,1,1
photos prayer meeting used portray driziliks show fourah bay amphitheatre,0,0,0
la transition bissauguinenne dureratelle trois ans aprs le putsch de novembre 2025,0,0,0
nakyobe orders removal campaign posters,1,1,1
president museveni ayimirizza ebyokusengula abantu ku ttaka lye kasokoso alagidde national housing enoonye ettaka ewalala,1,1,1
experts call greener cities climate change fuels health crisis africa,1,1,1
surrogacy wn alagbabi alaye bi knn ibaranir ryn ofege ati lfin e kb fun wn,0,0,0
ugandas tourism sector shows signs recovery postpandemic,1,1,1
ignore tiktok video claiming marburg outbreak uganda possible lockdowns,0,0,0
uetcl yasigala ebanja umeme obuwumbi bwa shs 500 essuubi lyokusasulwa likyali ttono,1,1,1
police arrest 20yearold updf impersonation inciting tiktok videos,1,1,0
altered video show president museveni threatening cnn journalist larry madowo presidency dismissed video fabricated,0,0,0
fake automatic 25 tax transactions amaechi claims,0,0,0
four ridiculous claims coups across west africa verified 2025,0,0,0
drkiiza besigye ne obed kamulegeya bazziddwayo ku alimanda baakudda mu kooti nga 13 january2025,1,1,1
ugandas government announces new measures support farmers amid climate change challenges,1,1,1
rvision de la liste lectorale au sngal une annonce infonde relaye sur les rseaux sociaux,0,0,0
government ereeta tteeka eriwera ebivvulu byabayimbi ku masomero nerabula nabasomesa abazeemu okukuba abayizi okukikomya,1,1,1
evidence new inec chairperson amupitan tinubus lawyer,0,0,0
drbesigye azeeyo mu kkomera e luzira embeeraye yeraliikirizza abawagizibe,1,1,1
ugandan president museveni didnt announce military reshuffle twitter,0,0,0
omusirikale wa updf afiiridde mu kabenje akagudde e bajja lukaya abalala baddusiddwa mu ddwaliro,1,1,1
bannanrm e luweero bakooye obupaangisa batandise okuziimba ekitebe,1,1,1
ugandas agricultural sector benefit new market access initiatives farmers,1,1,1
police ekutte 8 abagambibwa okubeera abazigu basangiddwa nemmundu mu district ye bugweri,1,1,1
nrm leaders move heal postelection divisions bunyangabu,1,1,1
fake president donald trump order total shutdown us borders us mission uganda said travel us continues,0,0,0
fake video showing ugandan military aircraft performing drills isnt recent video precedes musevenis declaration ownership indian ocean,0,0,0
president yoweri kaguta museveni agobye ssenkulu wa kcca dorothy kisaka nabamyuka,1,1,1
abavubi 2 bagudde mu nnyanja nnalubaale e mayuge nebafiiramu,1,1,1
fake liberias 2017 domestic revenue 452 million,0,0,0
akakiiko kebyokulonda kalangiridde olwa nga 15 january2026 kwekulonda president wa uganda nababaka ba parliament,1,1,1
obutabanguko mu maka omusajja atemyetemye mukyalawe namutta e namayingo,1,1,1
paapa waba orthodox beatitude theodoros ii atuuse mu uganda,1,1,1
fake video businessman ham kiggundu speaking traders lost merchandise downtown kampala floods original video june 2023 ham commenting case pitting diamond trust bank,0,0,0
uganda saudi arabia hold highlevel political consultations kampala,1,1,1
bnin aucune preuve natteste limplication du prsident du niger dans la tentative de coup detat,0,0,0
evidence 5g technology spreads covid19 virus,1,0,0
une dclaration de 2024 refait surface quelques semaines des lgislatives ivoiriennes,0,0,0
disregard fake sunday monitor front page headlined saleh spends billions stop kyagulanyi gulu,0,0,0
contrary popular claim nigeria police removing pockets officers uniform,0,0,0
ugandan president museveni didnt declare war social media platforms,0,0,0
une prsentation trompeuse de la guinebissau relaye sur tiktok,0,0,0
sanwoolus aide recirculates video obi saying lifted 439m people poverty,0,0,0
ugandas healthcare system expand access essential medicines rural areas,1,1,1
loole ya kasasiro etomedde abantu omu afiiriddewo,1,1,1
yaudara ce yan taadda ba su cire kan shugaban kungiyar kiristocin jihar adamawa ba,0,0,0
abavubuka abasoba mu 200 abakwatiddwa mu bikwekweto ebyakoleddwa abebyokwerinda mu wakiso nateete nakasero kira namugongo ne kiwologoma basimbiddwa mu maaso gomilamuzu nebasindikibwa alimanda,1,1,1
wrong lyrics fakely portray french players clip shared x influencer,0,0,0
bidiyon fafaroma francis da ya bayyana da hannayensa uku kirkirarre ne da fasahar ai,0,0,0
image abducted school student bandits recent,0,0,0
ministry health confirms outbreak ebola kampala,1,0,0
abaana 2 bafiiridde mu kidiba mwebabadde bawugira e kitende,1,1,1
shin sojan amurka sun kaddamar da hari kan mayakan iswap yankin tafkin chadi,0,0,0
enjeux et zones dombre du projet constitutionnel guinen lanalyse dun juriste,0,0,0
misleading barcelona sign sierra leonean footballer named cripsin kamara,0,0,0
scam botswanas finance ministry advertising business grants facebook,0,0,0
dubawas investigation facebook removes nigerian surrogacy groups,0,0,0
mining site viral video sierra leone zamfara,0,0,0
laccs internet estil interrompu en cte divoire avant la prsidentielle du 25 octobre,0,0,0
fake post claiming 15 people died accident seetajinja kampala highway misleading claim misleading images used recent events,0,0,0
akulira ebyokwerinda ku kyalo asangiddwa attiddwa mu district ye kyotera,1,1,1
fake chinese government withdraw support construction overpass liberia,0,0,0
police ekutte abantu 5 abateeberezebwa okubbisa emmundu kigambibwa beebatta eyali ekulira police e ntaawo mukono,1,1,1
bnin des retards douverture de postes de vote signals lors des lgislatives et municipales,0,0,0
omukulu wessomero akwatiddwa e kabale lwakugaana muyizi wa p7 okukola ebibuuzo bya ple ngessomero limubanja,1,1,1
ugandas government launch campaign promote tourism country,1,1,1
misleading manchester city announce jobs homeless people,0,0,0
ugandas government enhance disaster preparedness response capabilities,1,1,1
ugandas forex reserves hit new high 42 billion,1,1,1
une vido dtourne de son contexte pour faire croire la victoire de simone gbagbo la prsidentielle 2025 en cte divoire,0,0,0
parliament eyisizza etteeka eppya ku bibira nfa eggyiddwawo,1,1,1
kitalo paapa francis afiiridde ku myaka 88,1,1,1
fabricated video alleges trump declared war nigerian terrorists,0,0,0
police e kyankwanzi ekutte omukazi ateeberezebwa okutta omwana wa muggyawe,1,1,1
akakiiko kebyokulonda kasisinkanye ababaka babesimbyewo ku bwa president mu kalulu ka 2026 bakubye tooci mu kakuyege eyakakolebwa,1,1,1
abayizi ba p7 batandise okukola ebibuuzo bya ple 2024 abasibe 323 bebatuulidde mu makomera,1,1,1
roundup top five claims factchecked week,0,0,0
guine un discours autocritique faussement attribu au gnral mamadi doumbouya,0,0,0
abayizi 142009 bebagenda okutuula ebigezo bya s6 uneb 2024,1,1,1
fake naymotes 2025 meter report covers one year boakais administration,0,0,0
exclusive judge bukirwa highstakes meeting museveni secure position,1,1,1
omuliro gukutte ekiziimbe mu kisenyi mu kampala ebintu bitokomose,1,1,1
le chef dtatmajor de larme de terre de cte d8217ivoire auraitil disparu,0,0,0
omuliro gusaanyizaawo ennyumba ya ssentebe wekyalo mu district ye mpigi abawaka bonna tebabaddeewo,1,1,1
fake publish viral graphic 7 habits lead brain stroke,0,0,0
profvincent kakembo atuuziddwa nga vice chancellor wa muteesa royal university ku matikkira agomulundi ogwe 12,1,1,1
